sex,age,DX1,DX1_StartDate,DX1_EndDate
F,75-80,25000,10/31/2020,10/31/2020
F,75-80,2724,10/31/2020,10/31/2020
F,75-80,27801,10/31/2020,10/31/2020
F,75-80,4019,10/31/2020,10/31/2020
M,70-74,2449,08/30/2020,08/30/2020
M,70-74,2851,08/30/2020,08/30/2020
M,70-74,53081,08/30/2020,08/30/2020
F,40-45,4210,03/07/2020,03/07/2020
F,40-45,42731,03/07/2020,03/07/2020
F,40-45,5849,03/07/2020,03/07/2020
F,75-80,25000,09/10/2020,09/10/2020
F,75-80,2724,09/10/2020,09/10/2020
F,75-80,4019,09/10/2020,09/10/2020
F,75-80,4148,09/10/2020,09/10/2020
M,70-74,2449,08/13/2020,08/13/2020
M,70-74,53081,08/13/2020,08/13/2020
M,70-74,64801,08/13/2020,08/13/2020
M,70-74,66111,08/13/2020,08/13/2020
F,70-74,2851,05/17/2020,05/17/2020
F,70-74,42731,05/17/2020,05/17/2020
F,70-74,5849,05/17/2020,05/17/2020
F,75-80,1966,10/11/2020,10/11/2020
F,75-80,25000,10/11/2020,10/11/2020
F,75-80,2724,10/11/2020,10/11/2020
F,75-80,4019,10/11/2020,10/11/2020
M,70-74,2449,07/30/2020,07/30/2020
M,70-74,4019,07/30/2020,07/30/2020
M,70-74,53081,07/30/2020,07/30/2020
F,40-45,42731,02/02/2020,02/02/2020
F,40-45,5849,02/02/2020,02/02/2020
F,40-45,6930,02/02/2020,02/02/2020
F,75-80,25000,10/12/2020,10/12/2020
F,75-80,2724,10/12/2020,10/12/2020
F,75-80,4019,10/12/2020,10/12/2020
F,75-80,5601,10/12/2020,10/12/2020
M,70-74,2180,01/27/2020,01/27/2020
M,70-74,2449,01/27/2020,01/27/2020
M,70-74,53081,01/27/2020,01/27/2020
F,40-45,42731,04/13/2020,04/13/2020
F,40-45,5849,04/13/2020,04/13/2020
F,40-45,99591,04/13/2020,04/13/2020
