sex,age,DX1,DX2,DX3,DX4
F,75-80,25000,2724,27801,4019
M,70-74,2449,2851,53081
F,40-45,4210,42731,5849
F,75-80,25000,2724,4019,4148
M,70-74,2449,53081,64801,66111
F,70-74,2851,42731,5849
F,75-80,1966,25000,2724,4019
M,70-74,2449,4019,53081
F,40-45,42731,5849,6930
F,75-80,25000,2724,4019,5601
M,70-74,2180,2449,53081
F,40-45,42731,5849,99591
