sex,age,DX1,DX2,DX3,DX4,DX1_StartDate,DX1_EndDate,DX2_StartDate,DX2_EndDate,DX3_StartDate,DX3_EndDate,DX4_StartDate,DX4_EndDate
F,75-80,25000,2724,27801,4019.0,10/31/2020,10/31/2020,10/31/2020,10/31/2020,10/31/2020,10/31/2020,10/31/2020,10/31/2020
M,70-74,2449,2851,53081,,08/30/2020,08/30/2020,08/30/2020,08/30/2020,08/30/2020,08/30/2020,08/30/2020,
F,40-45,4210,42731,5849,,03/07/2020,03/07/2020,03/07/2020,03/07/2020,03/07/2020,03/07/2020,03/07/2020,
F,75-80,25000,2724,4019,4148.0,09/10/2020,09/10/2020,09/10/2020,09/10/2020,09/10/2020,09/10/2020,09/10/2020,09/10/2020
M,70-74,2449,53081,64801,66111.0,08/13/2020,08/13/2020,08/13/2020,08/13/2020,08/13/2020,08/13/2020,08/13/2020,08/13/2020
F,70-74,2851,42731,5849,,05/17/2020,05/17/2020,05/17/2020,05/17/2020,05/17/2020,05/17/2020,05/17/2020,
F,75-80,1966,25000,2724,4019.0,10/11/2020,10/11/2020,10/11/2020,10/11/2020,10/11/2020,10/11/2020,10/11/2020,10/11/2020
M,70-74,2449,4019,53081,,07/30/2020,07/30/2020,07/30/2020,07/30/2020,07/30/2020,07/30/2020,07/30/2020,
F,40-45,42731,5849,6930,,02/02/2020,02/02/2020,02/02/2020,02/02/2020,02/02/2020,02/02/2020,02/02/2020,
F,75-80,25000,2724,4019,5601.0,10/12/2020,10/12/2020,10/12/2020,10/12/2020,10/12/2020,10/12/2020,10/12/2020,10/12/2020
M,70-74,2180,2449,53081,,01/27/2020,01/27/2020,01/27/2020,01/27/2020,01/27/2020,01/27/2020,01/27/2020,
F,40-45,42731,5849,99591,,04/13/2020,04/13/2020,04/13/2020,04/13/2020,04/13/2020,04/13/2020,04/13/2020,
